experiment,workload,mechanism,violation_rate,duplicate_rate,access_pattern,size,threads,scheduler_workers,iteration,batch_end,batch_ms,ops_per_s
T1,insert_only,od_multi,0,0.1,random,100000,2,0,1,10000,289.908,34493.7
T1,insert_only,od_multi,0,0.1,random,100000,2,0,1,20000,305.604,32722.1
T1,insert_only,od_multi,0,0.1,random,100000,2,0,1,30000,315.698,31675.8
T1,insert_only,od_multi,0,0.1,random,100000,2,0,1,40000,296.889,33682.6
T1,insert_only,od_multi,0,0.1,random,100000,2,0,1,50000,305.91,32689.3
T1,insert_only,od_multi,0,0.1,random,100000,2,0,1,60000,298.633,33485.9
T1,insert_only,od_multi,0,0.1,random,100000,2,0,1,70000,307.484,32522
T1,insert_only,od_multi,0,0.1,random,100000,2,0,1,80000,299.239,33418.1
T1,insert_only,od_multi,0,0.1,random,100000,2,0,1,90000,293.945,34020
T1,insert_only,od_multi,0,0.1,random,100000,2,0,1,100000,298.892,33457
T1,insert_only,od_multi,0,0.1,random,100000,2,0,2,10000,325.774,30696.1
T1,insert_only,od_multi,0,0.1,random,100000,2,0,2,20000,306.715,32603.5
T1,insert_only,od_multi,0,0.1,random,100000,2,0,2,30000,308.653,32398.8
T1,insert_only,od_multi,0,0.1,random,100000,2,0,2,40000,314.53,31793.5
T1,insert_only,od_multi,0,0.1,random,100000,2,0,2,50000,307.776,32491.2
T1,insert_only,od_multi,0,0.1,random,100000,2,0,2,60000,301.926,33120.7
T1,insert_only,od_multi,0,0.1,random,100000,2,0,2,70000,305.964,32683.5
T1,insert_only,od_multi,0,0.1,random,100000,2,0,2,80000,306.145,32664.2
T1,insert_only,od_multi,0,0.1,random,100000,2,0,2,90000,309.971,32261.1
T1,insert_only,od_multi,0,0.1,random,100000,2,0,2,100000,298.696,33478.8
T1,insert_only,od_multi,0,0.1,random,100000,2,0,3,10000,327.547,30529.9
T1,insert_only,od_multi,0,0.1,random,100000,2,0,3,20000,313.453,31902.7
T1,insert_only,od_multi,0,0.1,random,100000,2,0,3,30000,311.558,32096.7
T1,insert_only,od_multi,0,0.1,random,100000,2,0,3,40000,318.337,31413.2
T1,insert_only,od_multi,0,0.1,random,100000,2,0,3,50000,312.217,32029
T1,insert_only,od_multi,0,0.1,random,100000,2,0,3,60000,312.986,31950.3
T1,insert_only,od_multi,0,0.1,random,100000,2,0,3,70000,312.673,31982.3
T1,insert_only,od_multi,0,0.1,random,100000,2,0,3,80000,313.938,31853.4
T1,insert_only,od_multi,0,0.1,random,100000,2,0,3,90000,310.514,32204.7
T1,insert_only,od_multi,0,0.1,random,100000,2,0,3,100000,314.81,31765.2
T1,update_only,od_multi,0,0.1,random,100000,2,0,1,10000,4372.5,2287.02
T1,update_only,od_multi,0,0.1,random,100000,2,0,1,20000,6559.56,1524.49
T1,update_only,od_multi,0,0.1,random,100000,2,0,1,30000,5617.69,1780.09
T1,update_only,od_multi,0,0.1,random,100000,2,0,1,40000,4626.34,2161.54
T1,update_only,od_multi,0,0.1,random,100000,2,0,1,50000,4873.37,2051.97
T1,update_only,od_multi,0,0.1,random,100000,2,0,1,60000,5245.71,1906.32
T1,update_only,od_multi,0,0.1,random,100000,2,0,1,70000,4958.95,2016.56
T1,update_only,od_multi,0,0.1,random,100000,2,0,1,80000,5225.17,1913.81
T1,update_only,od_multi,0,0.1,random,100000,2,0,1,90000,5387.19,1856.26
T1,update_only,od_multi,0,0.1,random,100000,2,0,1,100000,4689.56,2132.4
T1,update_only,od_multi,0,0.1,random,100000,2,0,2,10000,5726.64,1746.23
T1,update_only,od_multi,0,0.1,random,100000,2,0,2,20000,4458.67,2242.82
T1,update_only,od_multi,0,0.1,random,100000,2,0,2,30000,6801.09,1470.35
T1,update_only,od_multi,0,0.1,random,100000,2,0,2,40000,4527.81,2208.57
T1,update_only,od_multi,0,0.1,random,100000,2,0,2,50000,4580.59,2183.12
T1,update_only,od_multi,0,0.1,random,100000,2,0,2,60000,4819.93,2074.72
T1,update_only,od_multi,0,0.1,random,100000,2,0,2,70000,5367.57,1863.04
T1,update_only,od_multi,0,0.1,random,100000,2,0,2,80000,4746.19,2106.95
T1,update_only,od_multi,0,0.1,random,100000,2,0,2,90000,5004.79,1998.09
T1,update_only,od_multi,0,0.1,random,100000,2,0,2,100000,5082.69,1967.46
T1,update_only,od_multi,0,0.1,random,100000,2,0,3,10000,6688.68,1495.06
T1,update_only,od_multi,0,0.1,random,100000,2,0,3,20000,4663.59,2144.27
T1,update_only,od_multi,0,0.1,random,100000,2,0,3,30000,4546.04,2199.72
T1,update_only,od_multi,0,0.1,random,100000,2,0,3,40000,7349.35,1360.66
T1,update_only,od_multi,0,0.1,random,100000,2,0,3,50000,5037.12,1985.26
T1,update_only,od_multi,0,0.1,random,100000,2,0,3,60000,5090.85,1964.31
T1,update_only,od_multi,0,0.1,random,100000,2,0,3,70000,5153.66,1940.37
T1,update_only,od_multi,0,0.1,random,100000,2,0,3,80000,4940.44,2024.11
T1,update_only,od_multi,0,0.1,random,100000,2,0,3,90000,5001.05,1999.58
T1,update_only,od_multi,0,0.1,random,100000,2,0,3,100000,5826.65,1716.25
T1,delete_only,od_multi,0,0.1,random,100000,2,0,1,10000,6476.62,1544.02
T1,delete_only,od_multi,0,0.1,random,100000,2,0,1,20000,5700.3,1754.29
T1,delete_only,od_multi,0,0.1,random,100000,2,0,1,30000,5742.91,1741.28
T1,delete_only,od_multi,0,0.1,random,100000,2,0,1,40000,7523.5,1329.17
T1,delete_only,od_multi,0,0.1,random,100000,2,0,1,50000,4711.63,2122.41
T1,delete_only,od_multi,0,0.1,random,100000,2,0,1,60000,5234.51,1910.4
T1,delete_only,od_multi,0,0.1,random,100000,2,0,1,70000,5137.02,1946.65
T1,delete_only,od_multi,0,0.1,random,100000,2,0,1,80000,5239.76,1908.49
T1,delete_only,od_multi,0,0.1,random,100000,2,0,1,90000,7233.83,1382.39
T1,delete_only,od_multi,0,0.1,random,100000,2,0,1,100000,4788.77,2088.22
T1,delete_only,od_multi,0,0.1,random,100000,2,0,2,10000,4292.89,2329.43
T1,delete_only,od_multi,0,0.1,random,100000,2,0,2,20000,5446.54,1836.03
T1,delete_only,od_multi,0,0.1,random,100000,2,0,2,30000,6843.61,1461.22
T1,delete_only,od_multi,0,0.1,random,100000,2,0,2,40000,7494.88,1334.24
T1,delete_only,od_multi,0,0.1,random,100000,2,0,2,50000,5111.77,1956.27
T1,delete_only,od_multi,0,0.1,random,100000,2,0,2,60000,4990.05,2003.99
T1,delete_only,od_multi,0,0.1,random,100000,2,0,2,70000,5231.38,1911.54
T1,delete_only,od_multi,0,0.1,random,100000,2,0,2,80000,5081.11,1968.08
T1,delete_only,od_multi,0,0.1,random,100000,2,0,2,90000,5600.93,1785.42
T1,delete_only,od_multi,0,0.1,random,100000,2,0,2,100000,5585.47,1790.36
T1,delete_only,od_multi,0,0.1,random,100000,2,0,3,10000,6279.17,1592.57
T1,delete_only,od_multi,0,0.1,random,100000,2,0,3,20000,4094.3,2442.42
T1,delete_only,od_multi,0,0.1,random,100000,2,0,3,30000,6602.82,1514.51
T1,delete_only,od_multi,0,0.1,random,100000,2,0,3,40000,7487.81,1335.5
T1,delete_only,od_multi,0,0.1,random,100000,2,0,3,50000,5212.16,1918.59
T1,delete_only,od_multi,0,0.1,random,100000,2,0,3,60000,5243.15,1907.25
T1,delete_only,od_multi,0,0.1,random,100000,2,0,3,70000,5387.59,1856.12
T1,delete_only,od_multi,0,0.1,random,100000,2,0,3,80000,5159.78,1938.07
T1,delete_only,od_multi,0,0.1,random,100000,2,0,3,90000,5065.39,1974.18
T1,delete_only,od_multi,0,0.1,random,100000,2,0,3,100000,5091.9,1963.9
T1,mixed,od_multi,0,0.1,random,100000,2,0,1,10000,1738.52,5752.03
T1,mixed,od_multi,0,0.1,random,100000,2,0,1,20000,2171.35,4605.44
T1,mixed,od_multi,0,0.1,random,100000,2,0,1,30000,1743.84,5734.46
T1,mixed,od_multi,0,0.1,random,100000,2,0,1,40000,2654.07,3767.8
T1,mixed,od_multi,0,0.1,random,100000,2,0,1,50000,1882.28,5312.69
T1,mixed,od_multi,0,0.1,random,100000,2,0,1,60000,1891.95,5285.54
T1,mixed,od_multi,0,0.1,random,100000,2,0,1,70000,1800.1,5555.23
T1,mixed,od_multi,0,0.1,random,100000,2,0,1,80000,1912.73,5228.13
T1,mixed,od_multi,0,0.1,random,100000,2,0,1,90000,1727.08,5790.12
T1,mixed,od_multi,0,0.1,random,100000,2,0,1,100000,1782.82,5609.08
T1,mixed,od_multi,0,0.1,random,100000,2,0,2,10000,2460.15,4064.8
T1,mixed,od_multi,0,0.1,random,100000,2,0,2,20000,1618.67,6177.91
T1,mixed,od_multi,0,0.1,random,100000,2,0,2,30000,2213.8,4517.12
T1,mixed,od_multi,0,0.1,random,100000,2,0,2,40000,1791.47,5582.01
T1,mixed,od_multi,0,0.1,random,100000,2,0,2,50000,1819.34,5496.51
T1,mixed,od_multi,0,0.1,random,100000,2,0,2,60000,1829.28,5466.62
T1,mixed,od_multi,0,0.1,random,100000,2,0,2,70000,1741.45,5742.32
T1,mixed,od_multi,0,0.1,random,100000,2,0,2,80000,1847.61,5412.41
T1,mixed,od_multi,0,0.1,random,100000,2,0,2,90000,1862.67,5368.65
T1,mixed,od_multi,0,0.1,random,100000,2,0,2,100000,1869.22,5349.82
T1,mixed,od_multi,0,0.1,random,100000,2,0,3,10000,1775.24,5633.05
T1,mixed,od_multi,0,0.1,random,100000,2,0,3,20000,1701.58,5876.88
T1,mixed,od_multi,0,0.1,random,100000,2,0,3,30000,2165.36,4618.18
T1,mixed,od_multi,0,0.1,random,100000,2,0,3,40000,1936.21,5164.74
T1,mixed,od_multi,0,0.1,random,100000,2,0,3,50000,1766.28,5661.63
T1,mixed,od_multi,0,0.1,random,100000,2,0,3,60000,1827.67,5471.46
T1,mixed,od_multi,0,0.1,random,100000,2,0,3,70000,1961.92,5097.05
T1,mixed,od_multi,0,0.1,random,100000,2,0,3,80000,1770.98,5646.6
T1,mixed,od_multi,0,0.1,random,100000,2,0,3,90000,1936.1,5165.03
T1,mixed,od_multi,0,0.1,random,100000,2,0,3,100000,1818.1,5500.25
T2,mixed,off,0,0.1,random,100000,2,0,1,10000,1435.98,6963.88
T2,mixed,off,0,0.1,random,100000,2,0,1,20000,1933.16,5172.89
T2,mixed,off,0,0.1,random,100000,2,0,1,30000,1890.69,5289.07
T2,mixed,off,0,0.1,random,100000,2,0,1,40000,1957.02,5109.81
T2,mixed,off,0,0.1,random,100000,2,0,1,50000,1614.31,6194.58
T2,mixed,off,0,0.1,random,100000,2,0,1,60000,1590.74,6286.39
T2,mixed,off,0,0.1,random,100000,2,0,1,70000,1770.43,5648.33
T2,mixed,off,0,0.1,random,100000,2,0,1,80000,1833.08,5455.31
T2,mixed,off,0,0.1,random,100000,2,0,1,90000,1701.16,5878.35
T2,mixed,off,0,0.1,random,100000,2,0,1,100000,1670.58,5985.95
T2,mixed,off,0,0.1,random,100000,2,0,2,10000,1801.17,5551.94
T2,mixed,off,0,0.1,random,100000,2,0,2,20000,1875.88,5330.82
T2,mixed,off,0,0.1,random,100000,2,0,2,30000,1488.51,6718.13
T2,mixed,off,0,0.1,random,100000,2,0,2,40000,1672.15,5980.32
T2,mixed,off,0,0.1,random,100000,2,0,2,50000,1717.18,5823.51
T2,mixed,off,0,0.1,random,100000,2,0,2,60000,1773.79,5637.64
T2,mixed,off,0,0.1,random,100000,2,0,2,70000,1698.91,5886.12
T2,mixed,off,0,0.1,random,100000,2,0,2,80000,1740.83,5744.39
T2,mixed,off,0,0.1,random,100000,2,0,2,90000,1726.27,5792.84
T2,mixed,off,0,0.1,random,100000,2,0,2,100000,1844.72,5420.89
T2,mixed,off,0,0.1,random,100000,2,0,3,10000,2094.4,4774.63
T2,mixed,off,0,0.1,random,100000,2,0,3,20000,2187.05,4572.36
T2,mixed,off,0,0.1,random,100000,2,0,3,30000,2259.17,4426.41
T2,mixed,off,0,0.1,random,100000,2,0,3,40000,1687.41,5926.24
T2,mixed,off,0,0.1,random,100000,2,0,3,50000,1678.99,5955.97
T2,mixed,off,0,0.1,random,100000,2,0,3,60000,1576.68,6342.44
T2,mixed,off,0,0.1,random,100000,2,0,3,70000,1895.28,5276.25
T2,mixed,off,0,0.1,random,100000,2,0,3,80000,1792.17,5579.83
T2,mixed,off,0,0.1,random,100000,2,0,3,90000,1711.75,5841.98
T2,mixed,off,0,0.1,random,100000,2,0,3,100000,1655.91,6038.97
T2,mixed,fd_single,0,0.1,random,100000,2,0,1,10000,1669.75,5988.92
T2,mixed,fd_single,0,0.1,random,100000,2,0,1,20000,1639.67,6098.79
T2,mixed,fd_single,0,0.1,random,100000,2,0,1,30000,1564.14,6393.3
T2,mixed,fd_single,0,0.1,random,100000,2,0,1,40000,1597.4,6260.16
T2,mixed,fd_single,0,0.1,random,100000,2,0,1,50000,1846,5417.13
T2,mixed,fd_single,0,0.1,random,100000,2,0,1,60000,1646.87,6072.12
T2,mixed,fd_single,0,0.1,random,100000,2,0,1,70000,1729.89,5780.71
T2,mixed,fd_single,0,0.1,random,100000,2,0,1,80000,1704.05,5868.36
T2,mixed,fd_single,0,0.1,random,100000,2,0,1,90000,1734.73,5764.6
T2,mixed,fd_single,0,0.1,random,100000,2,0,1,100000,1755.83,5695.31
T2,mixed,fd_single,0,0.1,random,100000,2,0,2,10000,1604.05,6234.23
T2,mixed,fd_single,0,0.1,random,100000,2,0,2,20000,1467.91,6812.39
T2,mixed,fd_single,0,0.1,random,100000,2,0,2,30000,2148.71,4653.95
T2,mixed,fd_single,0,0.1,random,100000,2,0,2,40000,1729.05,5783.53
T2,mixed,fd_single,0,0.1,random,100000,2,0,2,50000,1922.61,5201.26
T2,mixed,fd_single,0,0.1,random,100000,2,0,2,60000,1711.45,5843.01
T2,mixed,fd_single,0,0.1,random,100000,2,0,2,70000,1748.62,5718.79
T2,mixed,fd_single,0,0.1,random,100000,2,0,2,80000,1747.44,5722.65
T2,mixed,fd_single,0,0.1,random,100000,2,0,2,90000,1794.03,5574.04
T2,mixed,fd_single,0,0.1,random,100000,2,0,2,100000,1744.66,5731.76
T2,mixed,fd_single,0,0.1,random,100000,2,0,3,10000,2032.83,4919.26
T2,mixed,fd_single,0,0.1,random,100000,2,0,3,20000,2288.73,4369.23
T2,mixed,fd_single,0,0.1,random,100000,2,0,3,30000,2190.21,4565.77
T2,mixed,fd_single,0,0.1,random,100000,2,0,3,40000,1715.89,5827.86
T2,mixed,fd_single,0,0.1,random,100000,2,0,3,50000,1754.62,5699.23
T2,mixed,fd_single,0,0.1,random,100000,2,0,3,60000,1936.01,5165.27
T2,mixed,fd_single,0,0.1,random,100000,2,0,3,70000,1651.8,6054.02
T2,mixed,fd_single,0,0.1,random,100000,2,0,3,80000,1732.99,5770.36
T2,mixed,fd_single,0,0.1,random,100000,2,0,3,90000,1852.19,5399.02
T2,mixed,fd_single,0,0.1,random,100000,2,0,3,100000,1741.82,5741.13
T2,mixed,fd_multi,0,0.1,random,100000,2,0,1,10000,1629.58,6136.54
T2,mixed,fd_multi,0,0.1,random,100000,2,0,1,20000,2007.63,4980.99
T2,mixed,fd_multi,0,0.1,random,100000,2,0,1,30000,1551.46,6445.54
T2,mixed,fd_multi,0,0.1,random,100000,2,0,1,40000,1890.23,5290.37
T2,mixed,fd_multi,0,0.1,random,100000,2,0,1,50000,1784.25,5604.61
T2,mixed,fd_multi,0,0.1,random,100000,2,0,1,60000,1740.62,5745.09
T2,mixed,fd_multi,0,0.1,random,100000,2,0,1,70000,1846.76,5414.9
T2,mixed,fd_multi,0,0.1,random,100000,2,0,1,80000,1925.73,5192.84
T2,mixed,fd_multi,0,0.1,random,100000,2,0,1,90000,1816.26,5505.83
T2,mixed,fd_multi,0,0.1,random,100000,2,0,1,100000,1783.95,5605.53
T2,mixed,fd_multi,0,0.1,random,100000,2,0,2,10000,2328.3,4294.99
T2,mixed,fd_multi,0,0.1,random,100000,2,0,2,20000,1723.67,5801.59
T2,mixed,fd_multi,0,0.1,random,100000,2,0,2,30000,2404.24,4159.33
T2,mixed,fd_multi,0,0.1,random,100000,2,0,2,40000,1861.47,5372.09
T2,mixed,fd_multi,0,0.1,random,100000,2,0,2,50000,1750.19,5713.66
T2,mixed,fd_multi,0,0.1,random,100000,2,0,2,60000,1823.34,5484.45
T2,mixed,fd_multi,0,0.1,random,100000,2,0,2,70000,1866.82,5356.71
T2,mixed,fd_multi,0,0.1,random,100000,2,0,2,80000,1781.73,5612.53
T2,mixed,fd_multi,0,0.1,random,100000,2,0,2,90000,1843.3,5425.06
T2,mixed,fd_multi,0,0.1,random,100000,2,0,2,100000,1722.49,5805.54
T2,mixed,fd_multi,0,0.1,random,100000,2,0,3,10000,2006.62,4983.51
T2,mixed,fd_multi,0,0.1,random,100000,2,0,3,20000,1634.5,6118.08
T2,mixed,fd_multi,0,0.1,random,100000,2,0,3,30000,1657.24,6034.12
T2,mixed,fd_multi,0,0.1,random,100000,2,0,3,40000,1805.6,5538.32
T2,mixed,fd_multi,0,0.1,random,100000,2,0,3,50000,1766.31,5661.53
T2,mixed,fd_multi,0,0.1,random,100000,2,0,3,60000,1802.15,5548.93
T2,mixed,fd_multi,0,0.1,random,100000,2,0,3,70000,1809.73,5525.7
T2,mixed,fd_multi,0,0.1,random,100000,2,0,3,80000,1801.5,5550.93
T2,mixed,fd_multi,0,0.1,random,100000,2,0,3,90000,1746.84,5724.61
T2,mixed,fd_multi,0,0.1,random,100000,2,0,3,100000,1785.42,5600.94
T2,mixed,od_single,0,0.1,random,100000,2,0,1,10000,1908.69,5239.2
T2,mixed,od_single,0,0.1,random,100000,2,0,1,20000,2235.5,4473.28
T2,mixed,od_single,0,0.1,random,100000,2,0,1,30000,1556.73,6423.74
T2,mixed,od_single,0,0.1,random,100000,2,0,1,40000,1938.52,5158.59
T2,mixed,od_single,0,0.1,random,100000,2,0,1,50000,1839.97,5434.87
T2,mixed,od_single,0,0.1,random,100000,2,0,1,60000,1833.16,5455.05
T2,mixed,od_single,0,0.1,random,100000,2,0,1,70000,1856.95,5385.18
T2,mixed,od_single,0,0.1,random,100000,2,0,1,80000,1737.59,5755.08
T2,mixed,od_single,0,0.1,random,100000,2,0,1,90000,1745.14,5730.19
T2,mixed,od_single,0,0.1,random,100000,2,0,1,100000,1821.03,5491.41
T2,mixed,od_single,0,0.1,random,100000,2,0,2,10000,2319.32,4311.61
T2,mixed,od_single,0,0.1,random,100000,2,0,2,20000,2234.77,4474.72
T2,mixed,od_single,0,0.1,random,100000,2,0,2,30000,1577.46,6339.31
T2,mixed,od_single,0,0.1,random,100000,2,0,2,40000,1708.24,5853.98
T2,mixed,od_single,0,0.1,random,100000,2,0,2,50000,1837.53,5442.1
T2,mixed,od_single,0,0.1,random,100000,2,0,2,60000,1753.19,5703.88
T2,mixed,od_single,0,0.1,random,100000,2,0,2,70000,1886.64,5300.44
T2,mixed,od_single,0,0.1,random,100000,2,0,2,80000,1960.82,5099.9
T2,mixed,od_single,0,0.1,random,100000,2,0,2,90000,1739.07,5750.21
T2,mixed,od_single,0,0.1,random,100000,2,0,2,100000,1772.97,5640.27
T2,mixed,od_single,0,0.1,random,100000,2,0,3,10000,1638.93,6101.56
T2,mixed,od_single,0,0.1,random,100000,2,0,3,20000,1599.21,6253.1
T2,mixed,od_single,0,0.1,random,100000,2,0,3,30000,1522.89,6566.47
T2,mixed,od_single,0,0.1,random,100000,2,0,3,40000,1750.4,5712.96
T2,mixed,od_single,0,0.1,random,100000,2,0,3,50000,1825.07,5479.25
T2,mixed,od_single,0,0.1,random,100000,2,0,3,60000,1670.85,5984.98
T2,mixed,od_single,0,0.1,random,100000,2,0,3,70000,1688.53,5922.3
T2,mixed,od_single,0,0.1,random,100000,2,0,3,80000,1745.52,5728.94
T2,mixed,od_single,0,0.1,random,100000,2,0,3,90000,1772.91,5640.45
T2,mixed,od_single,0,0.1,random,100000,2,0,3,100000,2109.4,4740.68
T2,mixed,od_multi,0,0.1,random,100000,2,0,1,10000,2052.07,4873.13
T2,mixed,od_multi,0,0.1,random,100000,2,0,1,20000,1715.37,5829.63
T2,mixed,od_multi,0,0.1,random,100000,2,0,1,30000,1568.27,6376.44
T2,mixed,od_multi,0,0.1,random,100000,2,0,1,40000,1875.9,5330.78
T2,mixed,od_multi,0,0.1,random,100000,2,0,1,50000,1807.16,5533.54
T2,mixed,od_multi,0,0.1,random,100000,2,0,1,60000,1803.7,5544.16
T2,mixed,od_multi,0,0.1,random,100000,2,0,1,70000,1855.52,5389.33
T2,mixed,od_multi,0,0.1,random,100000,2,0,1,80000,1847.67,5412.23
T2,mixed,od_multi,0,0.1,random,100000,2,0,1,90000,1766.25,5661.7
T2,mixed,od_multi,0,0.1,random,100000,2,0,1,100000,1985.42,5036.73
T2,mixed,od_multi,0,0.1,random,100000,2,0,2,10000,1769.37,5651.72
T2,mixed,od_multi,0,0.1,random,100000,2,0,2,20000,1622.66,6162.73
T2,mixed,od_multi,0,0.1,random,100000,2,0,2,30000,2118.26,4720.87
T2,mixed,od_multi,0,0.1,random,100000,2,0,2,40000,1778.33,5623.24
T2,mixed,od_multi,0,0.1,random,100000,2,0,2,50000,1892.04,5285.3
T2,mixed,od_multi,0,0.1,random,100000,2,0,2,60000,1764.17,5668.38
T2,mixed,od_multi,0,0.1,random,100000,2,0,2,70000,1882.56,5311.91
T2,mixed,od_multi,0,0.1,random,100000,2,0,2,80000,1774.35,5635.85
T2,mixed,od_multi,0,0.1,random,100000,2,0,2,90000,1791.76,5581.11
T2,mixed,od_multi,0,0.1,random,100000,2,0,2,100000,1787.67,5593.88
T2,mixed,od_multi,0,0.1,random,100000,2,0,3,10000,1746.64,5725.27
T2,mixed,od_multi,0,0.1,random,100000,2,0,3,20000,1627.59,6144.04
T2,mixed,od_multi,0,0.1,random,100000,2,0,3,30000,1757.29,5690.6
T2,mixed,od_multi,0,0.1,random,100000,2,0,3,40000,1881.72,5314.28
T2,mixed,od_multi,0,0.1,random,100000,2,0,3,50000,1883.17,5310.19
T2,mixed,od_multi,0,0.1,random,100000,2,0,3,60000,1710.28,5847
T2,mixed,od_multi,0,0.1,random,100000,2,0,3,70000,1838.43,5439.42
T2,mixed,od_multi,0,0.1,random,100000,2,0,3,80000,1784.25,5604.58
T2,mixed,od_multi,0,0.1,random,100000,2,0,3,90000,1909.87,5235.96
T2,mixed,od_multi,0,0.1,random,100000,2,0,3,100000,1837.44,5442.34
T3,mixed,od_multi,0,0.1,random,100000,2,0,1,10000,2297.62,4352.32
T3,mixed,od_multi,0,0.1,random,100000,2,0,1,20000,1919.24,5210.41
T3,mixed,od_multi,0,0.1,random,100000,2,0,1,30000,1561.28,6405.02
T3,mixed,od_multi,0,0.1,random,100000,2,0,1,40000,1696.63,5894.04
T3,mixed,od_multi,0,0.1,random,100000,2,0,1,50000,1781.81,5612.26
T3,mixed,od_multi,0,0.1,random,100000,2,0,1,60000,1929.46,5182.8
T3,mixed,od_multi,0,0.1,random,100000,2,0,1,70000,1821.74,5489.24
T3,mixed,od_multi,0,0.1,random,100000,2,0,1,80000,1828,5470.47
T3,mixed,od_multi,0,0.1,random,100000,2,0,1,90000,1974.87,5063.63
T3,mixed,od_multi,0,0.1,random,100000,2,0,1,100000,1751.51,5709.37
T3,mixed,od_multi,0,0.1,random,100000,2,0,2,10000,2413.74,4142.95
T3,mixed,od_multi,0,0.1,random,100000,2,0,2,20000,1731.27,5776.11
T3,mixed,od_multi,0,0.1,random,100000,2,0,2,30000,1762.4,5674.09
T3,mixed,od_multi,0,0.1,random,100000,2,0,2,40000,1983.36,5041.94
T3,mixed,od_multi,0,0.1,random,100000,2,0,2,50000,1722.3,5806.2
T3,mixed,od_multi,0,0.1,random,100000,2,0,2,60000,1835.68,5447.56
T3,mixed,od_multi,0,0.1,random,100000,2,0,2,70000,1821.11,5491.17
T3,mixed,od_multi,0,0.1,random,100000,2,0,2,80000,1986.74,5033.37
T3,mixed,od_multi,0,0.1,random,100000,2,0,2,90000,1812.21,5518.11
T3,mixed,od_multi,0,0.1,random,100000,2,0,2,100000,1834.36,5451.5
T3,mixed,od_multi,0,0.1,random,100000,2,0,3,10000,2433.64,4109.08
T3,mixed,od_multi,0,0.1,random,100000,2,0,3,20000,1815.06,5509.45
T3,mixed,od_multi,0,0.1,random,100000,2,0,3,30000,1750.95,5711.2
T3,mixed,od_multi,0,0.1,random,100000,2,0,3,40000,1790.22,5585.91
T3,mixed,od_multi,0,0.1,random,100000,2,0,3,50000,1884.36,5306.85
T3,mixed,od_multi,0,0.1,random,100000,2,0,3,60000,1664,6009.61
T3,mixed,od_multi,0,0.1,random,100000,2,0,3,70000,1750.79,5711.71
T3,mixed,od_multi,0,0.1,random,100000,2,0,3,80000,1785.9,5599.42
T3,mixed,od_multi,0,0.1,random,100000,2,0,3,90000,2045.69,4888.34
T3,mixed,od_multi,0,0.1,random,100000,2,0,3,100000,1884.37,5306.81
T3,mixed,od_multi,0.1,0.1,random,100000,2,0,1,10000,2156.61,4636.9
T3,mixed,od_multi,0.1,0.1,random,100000,2,0,1,20000,2102.84,4755.47
T3,mixed,od_multi,0.1,0.1,random,100000,2,0,1,30000,1715.9,5827.83
T3,mixed,od_multi,0.1,0.1,random,100000,2,0,1,40000,2026.09,4935.63
T3,mixed,od_multi,0.1,0.1,random,100000,2,0,1,50000,1716.87,5824.56
T3,mixed,od_multi,0.1,0.1,random,100000,2,0,1,60000,2006.72,4983.26
T3,mixed,od_multi,0.1,0.1,random,100000,2,0,1,70000,1718.36,5819.52
T3,mixed,od_multi,0.1,0.1,random,100000,2,0,1,80000,1818.59,5498.77
T3,mixed,od_multi,0.1,0.1,random,100000,2,0,1,90000,1815.33,5508.64
T3,mixed,od_multi,0.1,0.1,random,100000,2,0,1,100000,1791.87,5580.75
T3,mixed,od_multi,0.1,0.1,random,100000,2,0,2,10000,2081.57,4804.07
T3,mixed,od_multi,0.1,0.1,random,100000,2,0,2,20000,1641.7,6091.26
T3,mixed,od_multi,0.1,0.1,random,100000,2,0,2,30000,1746.34,5726.25
T3,mixed,od_multi,0.1,0.1,random,100000,2,0,2,40000,2454.09,4074.84
T3,mixed,od_multi,0.1,0.1,random,100000,2,0,2,50000,1832.78,5456.2
T3,mixed,od_multi,0.1,0.1,random,100000,2,0,2,60000,1888.82,5294.31
T3,mixed,od_multi,0.1,0.1,random,100000,2,0,2,70000,1919.15,5210.65
T3,mixed,od_multi,0.1,0.1,random,100000,2,0,2,80000,1796.23,5567.22
T3,mixed,od_multi,0.1,0.1,random,100000,2,0,2,90000,1826.45,5475.11
T3,mixed,od_multi,0.1,0.1,random,100000,2,0,2,100000,1840.42,5433.53
T3,mixed,od_multi,0.1,0.1,random,100000,2,0,3,10000,2451.4,4079.3
T3,mixed,od_multi,0.1,0.1,random,100000,2,0,3,20000,1464.03,6830.46
T3,mixed,od_multi,0.1,0.1,random,100000,2,0,3,30000,1644.25,6081.8
T3,mixed,od_multi,0.1,0.1,random,100000,2,0,3,40000,1858.89,5379.57
T3,mixed,od_multi,0.1,0.1,random,100000,2,0,3,50000,1895.26,5276.33
T3,mixed,od_multi,0.1,0.1,random,100000,2,0,3,60000,1899.03,5265.86
T3,mixed,od_multi,0.1,0.1,random,100000,2,0,3,70000,1831.7,5459.39
T3,mixed,od_multi,0.1,0.1,random,100000,2,0,3,80000,1756.37,5693.57
T3,mixed,od_multi,0.1,0.1,random,100000,2,0,3,90000,2084.69,4796.86
T3,mixed,od_multi,0.1,0.1,random,100000,2,0,3,100000,1946.86,5136.47
T3,mixed,od_multi,0.2,0.1,random,100000,2,0,1,10000,2188.75,4568.81
T3,mixed,od_multi,0.2,0.1,random,100000,2,0,1,20000,1778.89,5621.48
T3,mixed,od_multi,0.2,0.1,random,100000,2,0,1,30000,1718.42,5819.3
T3,mixed,od_multi,0.2,0.1,random,100000,2,0,1,40000,1711.87,5841.55
T3,mixed,od_multi,0.2,0.1,random,100000,2,0,1,50000,1731.65,5774.82
T3,mixed,od_multi,0.2,0.1,random,100000,2,0,1,60000,1823.43,5484.17
T3,mixed,od_multi,0.2,0.1,random,100000,2,0,1,70000,1735.34,5762.56
T3,mixed,od_multi,0.2,0.1,random,100000,2,0,1,80000,1839.21,5437.12
T3,mixed,od_multi,0.2,0.1,random,100000,2,0,1,90000,1837.6,5441.88
T3,mixed,od_multi,0.2,0.1,random,100000,2,0,1,100000,1910.82,5233.35
T3,mixed,od_multi,0.2,0.1,random,100000,2,0,2,10000,1593.09,6277.09
T3,mixed,od_multi,0.2,0.1,random,100000,2,0,2,20000,2381.61,4198.85
T3,mixed,od_multi,0.2,0.1,random,100000,2,0,2,30000,2039.38,4903.44
T3,mixed,od_multi,0.2,0.1,random,100000,2,0,2,40000,2026.27,4935.17
T3,mixed,od_multi,0.2,0.1,random,100000,2,0,2,50000,1926.73,5190.13
T3,mixed,od_multi,0.2,0.1,random,100000,2,0,2,60000,1697.81,5889.94
T3,mixed,od_multi,0.2,0.1,random,100000,2,0,2,70000,1774.03,5636.9
T3,mixed,od_multi,0.2,0.1,random,100000,2,0,2,80000,1803.78,5543.92
T3,mixed,od_multi,0.2,0.1,random,100000,2,0,2,90000,2056.7,4862.16
T3,mixed,od_multi,0.2,0.1,random,100000,2,0,2,100000,1855.75,5388.65
T3,mixed,od_multi,0.2,0.1,random,100000,2,0,3,10000,2480.28,4031.8
T3,mixed,od_multi,0.2,0.1,random,100000,2,0,3,20000,1709.49,5849.71
T3,mixed,od_multi,0.2,0.1,random,100000,2,0,3,30000,2411.89,4146.13
T3,mixed,od_multi,0.2,0.1,random,100000,2,0,3,40000,2611.59,3829.09
T3,mixed,od_multi,0.2,0.1,random,100000,2,0,3,50000,1896.33,5273.35
T3,mixed,od_multi,0.2,0.1,random,100000,2,0,3,60000,1781.24,5614.07
T3,mixed,od_multi,0.2,0.1,random,100000,2,0,3,70000,1772.81,5640.76
T3,mixed,od_multi,0.2,0.1,random,100000,2,0,3,80000,1739.33,5749.34
T3,mixed,od_multi,0.2,0.1,random,100000,2,0,3,90000,2033.36,4917.96
T3,mixed,od_multi,0.2,0.1,random,100000,2,0,3,100000,1784.95,5602.39
T3,mixed,od_multi,1,0.1,random,100000,2,0,1,10000,2399.14,4168.17
T3,mixed,od_multi,1,0.1,random,100000,2,0,1,20000,1697.74,5890.19
T3,mixed,od_multi,1,0.1,random,100000,2,0,1,30000,1872.91,5339.27
T3,mixed,od_multi,1,0.1,random,100000,2,0,1,40000,2421.28,4130.04
T3,mixed,od_multi,1,0.1,random,100000,2,0,1,50000,1991.38,5021.64
T3,mixed,od_multi,1,0.1,random,100000,2,0,1,60000,1817.09,5503.31
T3,mixed,od_multi,1,0.1,random,100000,2,0,1,70000,1890.87,5288.58
T3,mixed,od_multi,1,0.1,random,100000,2,0,1,80000,1802.97,5546.42
T3,mixed,od_multi,1,0.1,random,100000,2,0,1,90000,1843.35,5424.91
T3,mixed,od_multi,1,0.1,random,100000,2,0,1,100000,1745.15,5730.16
T3,mixed,od_multi,1,0.1,random,100000,2,0,2,10000,2442.26,4094.57
T3,mixed,od_multi,1,0.1,random,100000,2,0,2,20000,1922.05,5202.77
T3,mixed,od_multi,1,0.1,random,100000,2,0,2,30000,2422.19,4128.49
T3,mixed,od_multi,1,0.1,random,100000,2,0,2,40000,2538.33,3939.59
T3,mixed,od_multi,1,0.1,random,100000,2,0,2,50000,1843.65,5424.02
T3,mixed,od_multi,1,0.1,random,100000,2,0,2,60000,1839.39,5436.58
T3,mixed,od_multi,1,0.1,random,100000,2,0,2,70000,1700.54,5880.48
T3,mixed,od_multi,1,0.1,random,100000,2,0,2,80000,1866.89,5356.51
T3,mixed,od_multi,1,0.1,random,100000,2,0,2,90000,1948.61,5131.85
T3,mixed,od_multi,1,0.1,random,100000,2,0,2,100000,1791.98,5580.43
T3,mixed,od_multi,1,0.1,random,100000,2,0,3,10000,1759.95,5681.99
T3,mixed,od_multi,1,0.1,random,100000,2,0,3,20000,2133.53,4687.07
T3,mixed,od_multi,1,0.1,random,100000,2,0,3,30000,1986.87,5033.05
T3,mixed,od_multi,1,0.1,random,100000,2,0,3,40000,1852.74,5397.41
T3,mixed,od_multi,1,0.1,random,100000,2,0,3,50000,1908.8,5238.9
T3,mixed,od_multi,1,0.1,random,100000,2,0,3,60000,1713.56,5835.8
T3,mixed,od_multi,1,0.1,random,100000,2,0,3,70000,2042.54,4895.86
T3,mixed,od_multi,1,0.1,random,100000,2,0,3,80000,1865.94,5359.24
T3,mixed,od_multi,1,0.1,random,100000,2,0,3,90000,1931.41,5177.58
T3,mixed,od_multi,1,0.1,random,100000,2,0,3,100000,1811.58,5520.03
T4,mixed,od_multi,0,0.1,random,100000,2,0,1,10000,1686.68,5928.81
T4,mixed,od_multi,0,0.1,random,100000,2,0,1,20000,1965.12,5088.76
T4,mixed,od_multi,0,0.1,random,100000,2,0,1,30000,1725.95,5793.91
T4,mixed,od_multi,0,0.1,random,100000,2,0,1,40000,1674.22,5972.95
T4,mixed,od_multi,0,0.1,random,100000,2,0,1,50000,1907.43,5242.65
T4,mixed,od_multi,0,0.1,random,100000,2,0,1,60000,1726.55,5791.91
T4,mixed,od_multi,0,0.1,random,100000,2,0,1,70000,1646.26,6074.39
T4,mixed,od_multi,0,0.1,random,100000,2,0,1,80000,1890.93,5288.4
T4,mixed,od_multi,0,0.1,random,100000,2,0,1,90000,1872.81,5339.56
T4,mixed,od_multi,0,0.1,random,100000,2,0,1,100000,1786.19,5598.52
T4,mixed,od_multi,0,0.1,random,100000,2,0,2,10000,2398.22,4169.76
T4,mixed,od_multi,0,0.1,random,100000,2,0,2,20000,2308.77,4331.31
T4,mixed,od_multi,0,0.1,random,100000,2,0,2,30000,1632.49,6125.6
T4,mixed,od_multi,0,0.1,random,100000,2,0,2,40000,1991.73,5020.76
T4,mixed,od_multi,0,0.1,random,100000,2,0,2,50000,1937.39,5161.58
T4,mixed,od_multi,0,0.1,random,100000,2,0,2,60000,2038.97,4904.43
T4,mixed,od_multi,0,0.1,random,100000,2,0,2,70000,1830.73,5462.29
T4,mixed,od_multi,0,0.1,random,100000,2,0,2,80000,1854.7,5391.72
T4,mixed,od_multi,0,0.1,random,100000,2,0,2,90000,1885.01,5305.01
T4,mixed,od_multi,0,0.1,random,100000,2,0,2,100000,1799.29,5557.75
T4,mixed,od_multi,0,0.1,random,100000,2,0,3,10000,1763.58,5670.29
T4,mixed,od_multi,0,0.1,random,100000,2,0,3,20000,2344.92,4264.54
T4,mixed,od_multi,0,0.1,random,100000,2,0,3,30000,2360.09,4237.12
T4,mixed,od_multi,0,0.1,random,100000,2,0,3,40000,1773.41,5638.85
T4,mixed,od_multi,0,0.1,random,100000,2,0,3,50000,1863.12,5367.34
T4,mixed,od_multi,0,0.1,random,100000,2,0,3,60000,1799.01,5558.62
T4,mixed,od_multi,0,0.1,random,100000,2,0,3,70000,1784.58,5603.57
T4,mixed,od_multi,0,0.1,random,100000,2,0,3,80000,1960.77,5100.04
T4,mixed,od_multi,0,0.1,random,100000,2,0,3,90000,1927.45,5188.19
T4,mixed,od_multi,0,0.1,random,100000,2,0,3,100000,1719.33,5816.22
T4,mixed,od_multi,0,0,random,100000,2,0,1,10000,1759.92,5682.07
T4,mixed,od_multi,0,0,random,100000,2,0,1,20000,1553.1,6438.72
T4,mixed,od_multi,0,0,random,100000,2,0,1,30000,2173.48,4600.92
T4,mixed,od_multi,0,0,random,100000,2,0,1,40000,2692.46,3714.08
T4,mixed,od_multi,0,0,random,100000,2,0,1,50000,1889.55,5292.25
T4,mixed,od_multi,0,0,random,100000,2,0,1,60000,1806.79,5534.68
T4,mixed,od_multi,0,0,random,100000,2,0,1,70000,2238.01,4468.26
T4,mixed,od_multi,0,0,random,100000,2,0,1,80000,1832.33,5457.54
T4,mixed,od_multi,0,0,random,100000,2,0,1,90000,1925.14,5194.44
T4,mixed,od_multi,0,0,random,100000,2,0,1,100000,1869.98,5347.64
T4,mixed,od_multi,0,0,random,100000,2,0,2,10000,1855.53,5389.31
T4,mixed,od_multi,0,0,random,100000,2,0,2,20000,1736.86,5757.51
T4,mixed,od_multi,0,0,random,100000,2,0,2,30000,1642.06,6089.92
T4,mixed,od_multi,0,0,random,100000,2,0,2,40000,1866.7,5357.06
T4,mixed,od_multi,0,0,random,100000,2,0,2,50000,1787.67,5593.88
T4,mixed,od_multi,0,0,random,100000,2,0,2,60000,1779.87,5618.39
T4,mixed,od_multi,0,0,random,100000,2,0,2,70000,1813.22,5515.06
T4,mixed,od_multi,0,0,random,100000,2,0,2,80000,1850.69,5403.39
T4,mixed,od_multi,0,0,random,100000,2,0,2,90000,1764.31,5667.95
T4,mixed,od_multi,0,0,random,100000,2,0,2,100000,1805.92,5537.33
T4,mixed,od_multi,0,0,random,100000,2,0,3,10000,2511.97,3980.94
T4,mixed,od_multi,0,0,random,100000,2,0,3,20000,1625.58,6151.64
T4,mixed,od_multi,0,0,random,100000,2,0,3,30000,1654.59,6043.81
T4,mixed,od_multi,0,0,random,100000,2,0,3,40000,1888.9,5294.09
T4,mixed,od_multi,0,0,random,100000,2,0,3,50000,2061.09,4851.81
T4,mixed,od_multi,0,0,random,100000,2,0,3,60000,1793.67,5575.17
T4,mixed,od_multi,0,0,random,100000,2,0,3,70000,1801.77,5550.09
T4,mixed,od_multi,0,0,random,100000,2,0,3,80000,1894.47,5278.51
T4,mixed,od_multi,0,0,random,100000,2,0,3,90000,1763.16,5671.65
T4,mixed,od_multi,0,0,random,100000,2,0,3,100000,1909.37,5237.32
T5,mixed,od_multi,0,0.1,random,100000,1,0,1,10000,4981.62,2007.38
T5,mixed,od_multi,0,0.1,random,100000,1,0,1,20000,4968.87,2012.53
T5,mixed,od_multi,0,0.1,random,100000,1,0,1,30000,4982.48,2007.03
T5,mixed,od_multi,0,0.1,random,100000,1,0,1,40000,5532.66,1807.45
T5,mixed,od_multi,0,0.1,random,100000,1,0,1,50000,5499.98,1818.19
T5,mixed,od_multi,0,0.1,random,100000,1,0,1,60000,5288.62,1890.85
T5,mixed,od_multi,0,0.1,random,100000,1,0,1,70000,5576.83,1793.13
T5,mixed,od_multi,0,0.1,random,100000,1,0,1,80000,3906.45,2559.87
T5,mixed,od_multi,0,0.1,random,100000,1,0,1,90000,5656.11,1768
T5,mixed,od_multi,0,0.1,random,100000,1,0,1,100000,5591.17,1788.53
T5,mixed,od_multi,0,0.1,random,100000,1,0,2,10000,5100.8,1960.48
T5,mixed,od_multi,0,0.1,random,100000,1,0,2,20000,5016.87,1993.27
T5,mixed,od_multi,0,0.1,random,100000,1,0,2,30000,5014.06,1994.39
T5,mixed,od_multi,0,0.1,random,100000,1,0,2,40000,5569.16,1795.6
T5,mixed,od_multi,0,0.1,random,100000,1,0,2,50000,5546.42,1802.97
T5,mixed,od_multi,0,0.1,random,100000,1,0,2,60000,5502.66,1817.3
T5,mixed,od_multi,0,0.1,random,100000,1,0,2,70000,4862.76,2056.44
T5,mixed,od_multi,0,0.1,random,100000,1,0,2,80000,4586.07,2180.51
T5,mixed,od_multi,0,0.1,random,100000,1,0,2,90000,5647.06,1770.83
T5,mixed,od_multi,0,0.1,random,100000,1,0,2,100000,5130.73,1949.04
T5,mixed,od_multi,0,0.1,random,100000,1,0,3,10000,5115.55,1954.82
T5,mixed,od_multi,0,0.1,random,100000,1,0,3,20000,4999.25,2000.3
T5,mixed,od_multi,0,0.1,random,100000,1,0,3,30000,4993.36,2002.66
T5,mixed,od_multi,0,0.1,random,100000,1,0,3,40000,5544.74,1803.51
T5,mixed,od_multi,0,0.1,random,100000,1,0,3,50000,5395.77,1853.3
T5,mixed,od_multi,0,0.1,random,100000,1,0,3,60000,5353.17,1868.05
T5,mixed,od_multi,0,0.1,random,100000,1,0,3,70000,5281.01,1893.58
T5,mixed,od_multi,0,0.1,random,100000,1,0,3,80000,4910.65,2036.39
T5,mixed,od_multi,0,0.1,random,100000,1,0,3,90000,5656.24,1767.96
T5,mixed,od_multi,0,0.1,random,100000,1,0,3,100000,5634.2,1774.88
T5,mixed,od_multi,0,0.1,random,100000,2,0,1,10000,2470.12,4048.39
T5,mixed,od_multi,0,0.1,random,100000,2,0,1,20000,1694.38,5901.86
T5,mixed,od_multi,0,0.1,random,100000,2,0,1,30000,1706.4,5860.29
T5,mixed,od_multi,0,0.1,random,100000,2,0,1,40000,1770.06,5649.54
T5,mixed,od_multi,0,0.1,random,100000,2,0,1,50000,2024.11,4940.45
T5,mixed,od_multi,0,0.1,random,100000,2,0,1,60000,1757.59,5689.6
T5,mixed,od_multi,0,0.1,random,100000,2,0,1,70000,1839.64,5435.83
T5,mixed,od_multi,0,0.1,random,100000,2,0,1,80000,1932.82,5173.79
T5,mixed,od_multi,0,0.1,random,100000,2,0,1,90000,1857.66,5383.12
T5,mixed,od_multi,0,0.1,random,100000,2,0,1,100000,1844.64,5421.1
T5,mixed,od_multi,0,0.1,random,100000,2,0,2,10000,1596.25,6264.7
T5,mixed,od_multi,0,0.1,random,100000,2,0,2,20000,1556.47,6424.79
T5,mixed,od_multi,0,0.1,random,100000,2,0,2,30000,2395.73,4174.09
T5,mixed,od_multi,0,0.1,random,100000,2,0,2,40000,1930.35,5180.42
T5,mixed,od_multi,0,0.1,random,100000,2,0,2,50000,1797.07,5564.61
T5,mixed,od_multi,0,0.1,random,100000,2,0,2,60000,1787.83,5593.38
T5,mixed,od_multi,0,0.1,random,100000,2,0,2,70000,1831,5461.49
T5,mixed,od_multi,0,0.1,random,100000,2,0,2,80000,1780.24,5617.23
T5,mixed,od_multi,0,0.1,random,100000,2,0,2,90000,1848.01,5411.22
T5,mixed,od_multi,0,0.1,random,100000,2,0,2,100000,1819.55,5495.87
T5,mixed,od_multi,0,0.1,random,100000,2,0,3,10000,2490.49,4015.28
T5,mixed,od_multi,0,0.1,random,100000,2,0,3,20000,1556.92,6422.94
T5,mixed,od_multi,0,0.1,random,100000,2,0,3,30000,1547.65,6461.42
T5,mixed,od_multi,0,0.1,random,100000,2,0,3,40000,1794.19,5573.56
T5,mixed,od_multi,0,0.1,random,100000,2,0,3,50000,1786.73,5596.82
T5,mixed,od_multi,0,0.1,random,100000,2,0,3,60000,2004.55,4988.66
T5,mixed,od_multi,0,0.1,random,100000,2,0,3,70000,1896.96,5271.58
T5,mixed,od_multi,0,0.1,random,100000,2,0,3,80000,1989.33,5026.81
T5,mixed,od_multi,0,0.1,random,100000,2,0,3,90000,1949.84,5128.63
T5,mixed,od_multi,0,0.1,random,100000,2,0,3,100000,1744.94,5730.86
T5,mixed,od_multi,0,0.1,random,100000,4,0,1,10000,640.316,15617.3
T5,mixed,od_multi,0,0.1,random,100000,4,0,1,20000,610.282,16385.9
T5,mixed,od_multi,0,0.1,random,100000,4,0,1,30000,627.547,15935.1
T5,mixed,od_multi,0,0.1,random,100000,4,0,1,40000,680.291,14699.6
T5,mixed,od_multi,0,0.1,random,100000,4,0,1,50000,672.297,14874.4
T5,mixed,od_multi,0,0.1,random,100000,4,0,1,60000,565.357,17687.9
T5,mixed,od_multi,0,0.1,random,100000,4,0,1,70000,567.784,17612.3
T5,mixed,od_multi,0,0.1,random,100000,4,0,1,80000,572.629,17463.3
T5,mixed,od_multi,0,0.1,random,100000,4,0,1,90000,583.467,17138.9
T5,mixed,od_multi,0,0.1,random,100000,4,0,1,100000,582.07,17180.1
T5,mixed,od_multi,0,0.1,random,100000,4,0,2,10000,531.532,18813.5
T5,mixed,od_multi,0,0.1,random,100000,4,0,2,20000,508.539,19664.2
T5,mixed,od_multi,0,0.1,random,100000,4,0,2,30000,528.63,18916.8
T5,mixed,od_multi,0,0.1,random,100000,4,0,2,40000,563.06,17760.1
T5,mixed,od_multi,0,0.1,random,100000,4,0,2,50000,566.792,17643.1
T5,mixed,od_multi,0,0.1,random,100000,4,0,2,60000,575.198,17385.3
T5,mixed,od_multi,0,0.1,random,100000,4,0,2,70000,569.428,17561.5
T5,mixed,od_multi,0,0.1,random,100000,4,0,2,80000,577.208,17324.8
T5,mixed,od_multi,0,0.1,random,100000,4,0,2,90000,583.407,17140.7
T5,mixed,od_multi,0,0.1,random,100000,4,0,2,100000,586.806,17041.4
T5,mixed,od_multi,0,0.1,random,100000,4,0,3,10000,527.118,18971.1
T5,mixed,od_multi,0,0.1,random,100000,4,0,3,20000,516.959,19343.9
T5,mixed,od_multi,0,0.1,random,100000,4,0,3,30000,523.372,19106.9
T5,mixed,od_multi,0,0.1,random,100000,4,0,3,40000,563.632,17742.1
T5,mixed,od_multi,0,0.1,random,100000,4,0,3,50000,556.24,17977.9
T5,mixed,od_multi,0,0.1,random,100000,4,0,3,60000,569.08,17572.2
T5,mixed,od_multi,0,0.1,random,100000,4,0,3,70000,568.133,17601.5
T5,mixed,od_multi,0,0.1,random,100000,4,0,3,80000,572.453,17468.7
T5,mixed,od_multi,0,0.1,random,100000,4,0,3,90000,587.247,17028.6
T5,mixed,od_multi,0,0.1,random,100000,4,0,3,100000,595.983,16779
T5,mixed,od_multi,0,0.1,random,100000,8,0,1,10000,305.268,32758.2
T5,mixed,od_multi,0,0.1,random,100000,8,0,1,20000,307.17,32555.3
T5,mixed,od_multi,0,0.1,random,100000,8,0,1,30000,309.218,32339.6
T5,mixed,od_multi,0,0.1,random,100000,8,0,1,40000,345.105,28976.7
T5,mixed,od_multi,0,0.1,random,100000,8,0,1,50000,348.616,28684.8
T5,mixed,od_multi,0,0.1,random,100000,8,0,1,60000,355.56,28124.7
T5,mixed,od_multi,0,0.1,random,100000,8,0,1,70000,358.252,27913.3
T5,mixed,od_multi,0,0.1,random,100000,8,0,1,80000,366.108,27314.3
T5,mixed,od_multi,0,0.1,random,100000,8,0,1,90000,371.224,26937.9
T5,mixed,od_multi,0,0.1,random,100000,8,0,1,100000,372.241,26864.3
T5,mixed,od_multi,0,0.1,random,100000,8,0,2,10000,311.441,32108.9
T5,mixed,od_multi,0,0.1,random,100000,8,0,2,20000,297.952,33562.5
T5,mixed,od_multi,0,0.1,random,100000,8,0,2,30000,309.617,32298
T5,mixed,od_multi,0,0.1,random,100000,8,0,2,40000,346.926,28824.6
T5,mixed,od_multi,0,0.1,random,100000,8,0,2,50000,349.281,28630.3
T5,mixed,od_multi,0,0.1,random,100000,8,0,2,60000,353.148,28316.7
T5,mixed,od_multi,0,0.1,random,100000,8,0,2,70000,358.67,27880.8
T5,mixed,od_multi,0,0.1,random,100000,8,0,2,80000,364.27,27452.2
T5,mixed,od_multi,0,0.1,random,100000,8,0,2,90000,364.849,27408.6
T5,mixed,od_multi,0,0.1,random,100000,8,0,2,100000,371.767,26898.6
T5,mixed,od_multi,0,0.1,random,100000,8,0,3,10000,307.619,32507.8
T5,mixed,od_multi,0,0.1,random,100000,8,0,3,20000,302.667,33039.6
T5,mixed,od_multi,0,0.1,random,100000,8,0,3,30000,317.152,31530.7
T5,mixed,od_multi,0,0.1,random,100000,8,0,3,40000,349.179,28638.6
T5,mixed,od_multi,0,0.1,random,100000,8,0,3,50000,351.866,28419.9
T5,mixed,od_multi,0,0.1,random,100000,8,0,3,60000,357.717,27955.1
T5,mixed,od_multi,0,0.1,random,100000,8,0,3,70000,361.436,27667.4
T5,mixed,od_multi,0,0.1,random,100000,8,0,3,80000,365.1,27389.7
T5,mixed,od_multi,0,0.1,random,100000,8,0,3,90000,367.535,27208.3
T5,mixed,od_multi,0,0.1,random,100000,8,0,3,100000,375.715,26615.9
T5,mixed,od_multi,0,0.1,random,100000,16,0,1,10000,235.418,42477.6
T5,mixed,od_multi,0,0.1,random,100000,16,0,1,20000,224.162,44610.5
T5,mixed,od_multi,0,0.1,random,100000,16,0,1,30000,230.684,43349.4
T5,mixed,od_multi,0,0.1,random,100000,16,0,1,40000,262.251,38131.4
T5,mixed,od_multi,0,0.1,random,100000,16,0,1,50000,274.155,36475.7
T5,mixed,od_multi,0,0.1,random,100000,16,0,1,60000,275.444,36305
T5,mixed,od_multi,0,0.1,random,100000,16,0,1,70000,284.461,35154.2
T5,mixed,od_multi,0,0.1,random,100000,16,0,1,80000,288.898,34614.2
T5,mixed,od_multi,0,0.1,random,100000,16,0,1,90000,299.896,33344.8
T5,mixed,od_multi,0,0.1,random,100000,16,0,1,100000,299.073,33436.7
T5,mixed,od_multi,0,0.1,random,100000,16,0,2,10000,237.162,42165.2
T5,mixed,od_multi,0,0.1,random,100000,16,0,2,20000,224.708,44502.1
T5,mixed,od_multi,0,0.1,random,100000,16,0,2,30000,230.997,43290.6
T5,mixed,od_multi,0,0.1,random,100000,16,0,2,40000,265.681,37639.2
T5,mixed,od_multi,0,0.1,random,100000,16,0,2,50000,271.375,36849.4
T5,mixed,od_multi,0,0.1,random,100000,16,0,2,60000,281.556,35516.9
T5,mixed,od_multi,0,0.1,random,100000,16,0,2,70000,283.933,35219.6
T5,mixed,od_multi,0,0.1,random,100000,16,0,2,80000,298.942,33451.3
T5,mixed,od_multi,0,0.1,random,100000,16,0,2,90000,301.288,33190.8
T5,mixed,od_multi,0,0.1,random,100000,16,0,2,100000,304.412,32850.2
T5,mixed,od_multi,0,0.1,random,100000,16,0,3,10000,235.05,42544.1
T5,mixed,od_multi,0,0.1,random,100000,16,0,3,20000,225.944,44258.8
T5,mixed,od_multi,0,0.1,random,100000,16,0,3,30000,232.571,42997.7
T5,mixed,od_multi,0,0.1,random,100000,16,0,3,40000,269.562,37097.1
T5,mixed,od_multi,0,0.1,random,100000,16,0,3,50000,271.33,36855.4
T5,mixed,od_multi,0,0.1,random,100000,16,0,3,60000,277.031,36097
T5,mixed,od_multi,0,0.1,random,100000,16,0,3,70000,285.556,35019.4
T5,mixed,od_multi,0,0.1,random,100000,16,0,3,80000,291.457,34310.3
T5,mixed,od_multi,0,0.1,random,100000,16,0,3,90000,299.653,33371.9
T5,mixed,od_multi,0,0.1,random,100000,16,0,3,100000,300.993,33223.4
T5,mixed,od_multi,0,0.1,random,100000,32,0,1,10000,221.696,45106.7
T5,mixed,od_multi,0,0.1,random,100000,32,0,1,20000,211.818,47210.4
T5,mixed,od_multi,0,0.1,random,100000,32,0,1,30000,222.584,44926.9
T5,mixed,od_multi,0,0.1,random,100000,32,0,1,40000,269.253,37139.9
T5,mixed,od_multi,0,0.1,random,100000,32,0,1,50000,263.37,37969.4
T5,mixed,od_multi,0,0.1,random,100000,32,0,1,60000,270.542,36962.8
T5,mixed,od_multi,0,0.1,random,100000,32,0,1,70000,287.051,34837
T5,mixed,od_multi,0,0.1,random,100000,32,0,1,80000,289.906,34493.9
T5,mixed,od_multi,0,0.1,random,100000,32,0,1,90000,303.7,32927.2
T5,mixed,od_multi,0,0.1,random,100000,32,0,1,100000,300.548,33272.5
T5,mixed,od_multi,0,0.1,random,100000,32,0,2,10000,218.745,45715.3
T5,mixed,od_multi,0,0.1,random,100000,32,0,2,20000,218.971,45668.1
T5,mixed,od_multi,0,0.1,random,100000,32,0,2,30000,223.037,44835.5
T5,mixed,od_multi,0,0.1,random,100000,32,0,2,40000,253.202,39494.2
T5,mixed,od_multi,0,0.1,random,100000,32,0,2,50000,266.546,37517
T5,mixed,od_multi,0,0.1,random,100000,32,0,2,60000,281.989,35462.4
T5,mixed,od_multi,0,0.1,random,100000,32,0,2,70000,287.54,34777.7
T5,mixed,od_multi,0,0.1,random,100000,32,0,2,80000,292.547,34182.6
T5,mixed,od_multi,0,0.1,random,100000,32,0,2,90000,303.395,32960.3
T5,mixed,od_multi,0,0.1,random,100000,32,0,2,100000,307.259,32545.9
T5,mixed,od_multi,0,0.1,random,100000,32,0,3,10000,218.918,45679.2
T5,mixed,od_multi,0,0.1,random,100000,32,0,3,20000,222.551,44933.5
T5,mixed,od_multi,0,0.1,random,100000,32,0,3,30000,226.549,44140.6
T5,mixed,od_multi,0,0.1,random,100000,32,0,3,40000,254.181,39342.1
T5,mixed,od_multi,0,0.1,random,100000,32,0,3,50000,274.431,36439
T5,mixed,od_multi,0,0.1,random,100000,32,0,3,60000,276.871,36117.9
T5,mixed,od_multi,0,0.1,random,100000,32,0,3,70000,287.045,34837.8
T5,mixed,od_multi,0,0.1,random,100000,32,0,3,80000,301.877,33126.1
T5,mixed,od_multi,0,0.1,random,100000,32,0,3,90000,305.533,32729.7
T5,mixed,od_multi,0,0.1,random,100000,32,0,3,100000,306.509,32625.5
T5,mixed,od_multi,0,0.1,random,100000,64,0,1,10000,266.98,37456
T5,mixed,od_multi,0,0.1,random,100000,64,0,1,20000,273.226,36599.7
T5,mixed,od_multi,0,0.1,random,100000,64,0,1,30000,268.501,37243.8
T5,mixed,od_multi,0,0.1,random,100000,64,0,1,40000,339.175,29483.3
T5,mixed,od_multi,0,0.1,random,100000,64,0,1,50000,329.783,30323
T5,mixed,od_multi,0,0.1,random,100000,64,0,1,60000,332.341,30089.6
T5,mixed,od_multi,0,0.1,random,100000,64,0,1,70000,364.574,27429.3
T5,mixed,od_multi,0,0.1,random,100000,64,0,1,80000,384.242,26025.3
T5,mixed,od_multi,0,0.1,random,100000,64,0,1,90000,383.681,26063.3
T5,mixed,od_multi,0,0.1,random,100000,64,0,1,100000,383.336,26086.8
T5,mixed,od_multi,0,0.1,random,100000,64,0,2,10000,287.643,34765.3
T5,mixed,od_multi,0,0.1,random,100000,64,0,2,20000,254.142,39348.1
T5,mixed,od_multi,0,0.1,random,100000,64,0,2,30000,277.151,36081.4
T5,mixed,od_multi,0,0.1,random,100000,64,0,2,40000,315.725,31673.2
T5,mixed,od_multi,0,0.1,random,100000,64,0,2,50000,341.547,29278.6
T5,mixed,od_multi,0,0.1,random,100000,64,0,2,60000,362.228,27606.9
T5,mixed,od_multi,0,0.1,random,100000,64,0,2,70000,360.278,27756.4
T5,mixed,od_multi,0,0.1,random,100000,64,0,2,80000,359.148,27843.7
T5,mixed,od_multi,0,0.1,random,100000,64,0,2,90000,381.523,26210.8
T5,mixed,od_multi,0,0.1,random,100000,64,0,2,100000,401.567,24902.5
T5,mixed,od_multi,0,0.1,random,100000,64,0,3,10000,283.185,35312.7
T5,mixed,od_multi,0,0.1,random,100000,64,0,3,20000,252.047,39675.2
T5,mixed,od_multi,0,0.1,random,100000,64,0,3,30000,273.216,36601.1
T5,mixed,od_multi,0,0.1,random,100000,64,0,3,40000,332.83,30045.4
T5,mixed,od_multi,0,0.1,random,100000,64,0,3,50000,348.567,28688.9
T5,mixed,od_multi,0,0.1,random,100000,64,0,3,60000,347.528,28774.6
T5,mixed,od_multi,0,0.1,random,100000,64,0,3,70000,382.65,26133.5
T5,mixed,od_multi,0,0.1,random,100000,64,0,3,80000,406.288,24613.1
T5,mixed,od_multi,0,0.1,random,100000,64,0,3,90000,413.383,24190.6
T5,mixed,od_multi,0,0.1,random,100000,64,0,3,100000,391.687,25530.6
T6,mixed,od_multi,0,0.1,random,100000,2,0,1,10000,1610.71,6208.46
T6,mixed,od_multi,0,0.1,random,100000,2,0,1,20000,1589.27,6292.18
T6,mixed,od_multi,0,0.1,random,100000,2,0,1,30000,2176.89,4593.72
T6,mixed,od_multi,0,0.1,random,100000,2,0,1,40000,1885.67,5303.16
T6,mixed,od_multi,0,0.1,random,100000,2,0,1,50000,1794.85,5571.5
T6,mixed,od_multi,0,0.1,random,100000,2,0,1,60000,1782.44,5610.3
T6,mixed,od_multi,0,0.1,random,100000,2,0,1,70000,1858.59,5380.41
T6,mixed,od_multi,0,0.1,random,100000,2,0,1,80000,2025.68,4936.61
T6,mixed,od_multi,0,0.1,random,100000,2,0,1,90000,1703.83,5869.11
T6,mixed,od_multi,0,0.1,random,100000,2,0,1,100000,1818.13,5500.17
T6,mixed,od_multi,0,0.1,random,100000,2,0,2,10000,1602.12,6241.72
T6,mixed,od_multi,0,0.1,random,100000,2,0,2,20000,1634.52,6118
T6,mixed,od_multi,0,0.1,random,100000,2,0,2,30000,1639.01,6101.23
T6,mixed,od_multi,0,0.1,random,100000,2,0,2,40000,2608.1,3834.21
T6,mixed,od_multi,0,0.1,random,100000,2,0,2,50000,1879.61,5320.24
T6,mixed,od_multi,0,0.1,random,100000,2,0,2,60000,1726.52,5792.01
T6,mixed,od_multi,0,0.1,random,100000,2,0,2,70000,1781.47,5613.33
T6,mixed,od_multi,0,0.1,random,100000,2,0,2,80000,1917.64,5214.74
T6,mixed,od_multi,0,0.1,random,100000,2,0,2,90000,2040.02,4901.9
T6,mixed,od_multi,0,0.1,random,100000,2,0,2,100000,1815.52,5508.06
T6,mixed,od_multi,0,0.1,random,100000,2,0,3,10000,1658.61,6029.13
T6,mixed,od_multi,0,0.1,random,100000,2,0,3,20000,1545.59,6470.04
T6,mixed,od_multi,0,0.1,random,100000,2,0,3,30000,1817.31,5502.63
T6,mixed,od_multi,0,0.1,random,100000,2,0,3,40000,2657.11,3763.49
T6,mixed,od_multi,0,0.1,random,100000,2,0,3,50000,2259.68,4425.4
T6,mixed,od_multi,0,0.1,random,100000,2,0,3,60000,1973.2,5067.91
T6,mixed,od_multi,0,0.1,random,100000,2,0,3,70000,1823.08,5485.23
T6,mixed,od_multi,0,0.1,random,100000,2,0,3,80000,2027.8,4931.46
T6,mixed,od_multi,0,0.1,random,100000,2,0,3,90000,1742.01,5740.51
T6,mixed,od_multi,0,0.1,random,100000,2,0,3,100000,1856.12,5387.58
T6,mixed,od_multi,0,0.1,sequential,100000,2,0,1,10000,2056.3,4863.1
T6,mixed,od_multi,0,0.1,sequential,100000,2,0,1,20000,1517.19,6591.11
T6,mixed,od_multi,0,0.1,sequential,100000,2,0,1,30000,1497.94,6675.83
T6,mixed,od_multi,0,0.1,sequential,100000,2,0,1,40000,1624.74,6154.85
T6,mixed,od_multi,0,0.1,sequential,100000,2,0,1,50000,1484.14,6737.89
T6,mixed,od_multi,0,0.1,sequential,100000,2,0,1,60000,1508.19,6630.46
T6,mixed,od_multi,0,0.1,sequential,100000,2,0,1,70000,1600.3,6248.84
T6,mixed,od_multi,0,0.1,sequential,100000,2,0,1,80000,1598.52,6255.8
T6,mixed,od_multi,0,0.1,sequential,100000,2,0,1,90000,1591.45,6283.59
T6,mixed,od_multi,0,0.1,sequential,100000,2,0,1,100000,1741.23,5743.06
T6,mixed,od_multi,0,0.1,sequential,100000,2,0,2,10000,1725.69,5794.77
T6,mixed,od_multi,0,0.1,sequential,100000,2,0,2,20000,1638.54,6103
T6,mixed,od_multi,0,0.1,sequential,100000,2,0,2,30000,2331.06,4289.89
T6,mixed,od_multi,0,0.1,sequential,100000,2,0,2,40000,1657.94,6031.57
T6,mixed,od_multi,0,0.1,sequential,100000,2,0,2,50000,1474.46,6782.16
T6,mixed,od_multi,0,0.1,sequential,100000,2,0,2,60000,1523.12,6565.49
T6,mixed,od_multi,0,0.1,sequential,100000,2,0,2,70000,1679.22,5955.13
T6,mixed,od_multi,0,0.1,sequential,100000,2,0,2,80000,1728.24,5786.23
T6,mixed,od_multi,0,0.1,sequential,100000,2,0,2,90000,1567.66,6378.92
T6,mixed,od_multi,0,0.1,sequential,100000,2,0,2,100000,1631.22,6130.37
T6,mixed,od_multi,0,0.1,sequential,100000,2,0,3,10000,2183.67,4579.44
T6,mixed,od_multi,0,0.1,sequential,100000,2,0,3,20000,2306.71,4335.17
T6,mixed,od_multi,0,0.1,sequential,100000,2,0,3,30000,1601.35,6244.73
T6,mixed,od_multi,0,0.1,sequential,100000,2,0,3,40000,1654.34,6044.71
T6,mixed,od_multi,0,0.1,sequential,100000,2,0,3,50000,1736.36,5759.17
T6,mixed,od_multi,0,0.1,sequential,100000,2,0,3,60000,1559.12,6413.86
T6,mixed,od_multi,0,0.1,sequential,100000,2,0,3,70000,1648.52,6066.04
T6,mixed,od_multi,0,0.1,sequential,100000,2,0,3,80000,1497.47,6677.95
T6,mixed,od_multi,0,0.1,sequential,100000,2,0,3,90000,1546.24,6467.29
T6,mixed,od_multi,0,0.1,sequential,100000,2,0,3,100000,1599.96,6250.14
